{"cameraMode":{"drawMode":0,"name":"Shaded","section":"Shading Mode"},"sceneLighting":false,"audioPlay":false,"sceneViewState":{"m_AlwaysRefresh":false,"showFog":true,"showSkybox":false,"showFlares":true,"showImageEffects":true,"showParticleSystems":true,"showVisualEffectGraphs":true,"m_FxEnabled":true},"in2DMode":false,"pivot":{"x":75.51000213623047,"y":1.8966331481933594,"z":-22.979999542236329},"rotation":{"x":-0.05651674419641495,"y":-0.9351804256439209,"z":0.1742788851261139,"w":-0.30387941002845766},"size":2.9752962589263918,"orthographic":true}