{"cameraMode":{"drawMode":0,"name":"Shaded","section":"Shading Mode"},"sceneLighting":false,"audioPlay":false,"sceneViewState":{"m_AlwaysRefresh":false,"showFog":true,"showSkybox":false,"showFlares":true,"showImageEffects":true,"showParticleSystems":true,"showVisualEffectGraphs":true,"m_FxEnabled":true},"in2DMode":false,"pivot":{"x":0.000002384185791015625,"y":0.1380637139081955,"z":-1.1920928955078126e-7},"rotation":{"x":-0.14971208572387696,"y":-0.34027978777885439,"z":0.054418500512838367,"w":-0.9271930456161499},"size":1.7934101819992066,"orthographic":true}