{"cameraMode":{"drawMode":0,"name":"Shaded","section":"Shading Mode"},"sceneLighting":false,"audioPlay":false,"sceneViewState":{"m_AlwaysRefresh":false,"showFog":true,"showSkybox":false,"showFlares":true,"showImageEffects":true,"showParticleSystems":true,"showVisualEffectGraphs":true,"m_FxEnabled":true},"in2DMode":false,"pivot":{"x":0.0000011920928955078126,"y":0.034605227410793307,"z":-1.7881393432617188e-7},"rotation":{"x":-0.18572860956192017,"y":-0.3051384389400482,"z":0.06039443612098694,"w":-0.9323645830154419},"size":1.2693712711334229,"orthographic":true}