{"cameraMode":{"drawMode":0,"name":"Shaded","section":"Shading Mode"},"sceneLighting":false,"audioPlay":false,"sceneViewState":{"m_AlwaysRefresh":false,"showFog":true,"showSkybox":false,"showFlares":true,"showImageEffects":true,"showParticleSystems":true,"showVisualEffectGraphs":true,"m_FxEnabled":true},"in2DMode":false,"pivot":{"x":26.913541793823243,"y":0.8459219336509705,"z":17.49007797241211},"rotation":{"x":-0.18572860956192017,"y":-0.3051384389400482,"z":0.06039443612098694,"w":-0.9323645830154419},"size":2.5637190341949465,"orthographic":true}