{"cameraMode":{"drawMode":0,"name":"Shaded","section":"Shading Mode"},"sceneLighting":false,"audioPlay":false,"sceneViewState":{"m_AlwaysRefresh":false,"showFog":true,"showSkybox":false,"showFlares":true,"showImageEffects":true,"showParticleSystems":true,"showVisualEffectGraphs":true,"m_FxEnabled":true},"in2DMode":false,"pivot":{"x":0.021026134490966798,"y":0.1832866668701172,"z":0.12565851211547852},"rotation":{"x":-0.20944473147392274,"y":-0.44627058506011965,"z":0.10700841248035431,"w":-0.8639745116233826},"size":1.0792251825332642,"orthographic":true}