{"cameraMode":{"drawMode":0,"name":"Shaded","section":"Shading Mode"},"sceneLighting":false,"audioPlay":false,"sceneViewState":{"m_AlwaysRefresh":false,"showFog":true,"showSkybox":false,"showFlares":true,"showImageEffects":true,"showParticleSystems":true,"showVisualEffectGraphs":true,"m_FxEnabled":true},"in2DMode":false,"pivot":{"x":33.72322082519531,"y":1.017524242401123,"z":18.118541717529298},"rotation":{"x":-0.16169902682304383,"y":-0.44071558117866518,"z":0.08039283007383347,"w":-0.8797152042388916},"size":3.5180957317352297,"orthographic":true}