{"cameraMode":{"drawMode":0,"name":"Shaded","section":"Shading Mode"},"sceneLighting":false,"audioPlay":false,"sceneViewState":{"m_AlwaysRefresh":false,"showFog":true,"showSkybox":false,"showFlares":true,"showImageEffects":true,"showParticleSystems":true,"showVisualEffectGraphs":true,"m_FxEnabled":true},"in2DMode":false,"pivot":{"x":-0.023107707500457765,"y":0.3193577826023102,"z":0.05010071396827698},"rotation":{"x":-0.04937281087040901,"y":-0.9260704517364502,"z":0.12974639236927033,"w":-0.3522133529186249},"size":0.8302648663520813,"orthographic":true}