{"cameraMode":{"drawMode":0,"name":"Shaded","section":"Shading Mode"},"sceneLighting":false,"audioPlay":false,"sceneViewState":{"m_AlwaysRefresh":false,"showFog":true,"showSkybox":false,"showFlares":true,"showImageEffects":true,"showParticleSystems":true,"showVisualEffectGraphs":true,"m_FxEnabled":true},"in2DMode":false,"pivot":{"x":27.45749282836914,"y":0.17227652668952943,"z":-25.260000228881837},"rotation":{"x":-0.3073161840438843,"y":-0.5781518816947937,"z":0.24896274507045747,"w":-0.7140195965766907},"size":15.981756210327149,"orthographic":true}