{"cameraMode":{"drawMode":0,"name":"Shaded","section":"Shading Mode"},"sceneLighting":false,"audioPlay":false,"sceneViewState":{"m_AlwaysRefresh":false,"showFog":true,"showSkybox":false,"showFlares":true,"showImageEffects":true,"showParticleSystems":true,"showVisualEffectGraphs":true,"m_FxEnabled":true},"in2DMode":false,"pivot":{"x":27.610000610351564,"y":0.801948070526123,"z":25.190000534057618},"rotation":{"x":-0.19305868446826936,"y":-0.30214324593544009,"z":0.06166939437389374,"w":-0.9318440556526184},"size":2.574995279312134,"orthographic":true}