{"cameraMode":{"drawMode":0,"name":"Shaded","section":"Shading Mode"},"sceneLighting":false,"audioPlay":false,"sceneViewState":{"m_AlwaysRefresh":false,"showFog":true,"showSkybox":false,"showFlares":true,"showImageEffects":true,"showParticleSystems":true,"showVisualEffectGraphs":true,"m_FxEnabled":true},"in2DMode":false,"pivot":{"x":-0.12329578399658203,"y":0.7278636693954468,"z":-0.04487299919128418},"rotation":{"x":-0.1618102341890335,"y":-0.3316762447357178,"z":0.05744034796953201,"w":-0.9279342293739319},"size":1.3936420679092408,"orthographic":true}